event_id,user_id,timestamp,page,event_type,session_id
e00001,1154,2025-06-14 22:58:34.076123,/sports,hover,sess_851
e00002,1031,2025-05-30 09:17:53.321904,/entertainment,scroll,sess_510
e00003,1160,2025-05-02 00:27:02.235238,/news,hover,sess_523
e00004,1153,2024-08-25 18:49:50.811194,/home,scroll,sess_813
e00005,1198,2024-12-20 10:00:03.786591,/entertainment,click,sess_703
e00006,1024,2024-09-12 02:38:42.091542,/sports,scroll,sess_507
e00007,1074,2024-11-19 12:24:37.637346,/home,hover,sess_361
e00008,1106,2024-07-17 10:58:16.837177,/finance,click,sess_936
e00009,1156,2024-11-11 10:58:29.666651,/home,click,sess_179
e00010,1155,2025-06-20 21:58:06.061622,/sports,click,sess_441
e00011,1170,2024-09-30 21:41:37.893131,/home,scroll,sess_587
e00012,1100,2025-04-08 09:57:43.991052,/home,scroll,sess_433
e00013,1141,2024-12-09 05:28:53.925912,/sports,hover,sess_411
e00014,1187,2024-11-27 12:58:10.561415,/entertainment,click,sess_503
e00015,1184,2025-06-10 16:36:15.060751,/entertainment,hover,sess_688
e00016,1175,2025-06-24 14:37:26.020731,/entertainment,hover,sess_363
e00017,1167,2025-01-15 00:43:09.258874,/news,scroll,sess_351
e00018,1063,2025-03-15 10:22:55.283741,/home,click,sess_359
e00019,1126,2024-08-21 13:53:57.548812,/entertainment,scroll,sess_401
e00020,1188,2024-10-12 09:51:25.518266,/news,scroll,sess_963
e00021,1191,2025-06-14 20:27:40.691059,/news,scroll,sess_786
e00022,1070,2025-01-23 13:56:34.533692,/sports,scroll,sess_237
e00023,1144,2025-01-10 01:44:25.830235,/home,click,sess_711
e00024,1021,2025-03-26 05:33:42.293334,/sports,scroll,sess_711
e00025,1044,2024-07-16 22:05:04.425509,/home,hover,sess_966
e00026,1069,2025-01-25 09:44:53.125457,/finance,hover,sess_448
e00027,1131,2024-12-26 16:51:11.781290,/news,scroll,sess_436
e00028,1054,2025-05-03 11:43:31.515316,/entertainment,scroll,sess_483
e00029,1173,2024-08-22 13:00:18.033346,/sports,hover,sess_910
e00030,1093,2025-06-11 22:56:41.205001,/finance,hover,sess_538
e00031,1023,2024-07-25 07:13:31.359170,/entertainment,scroll,sess_774
e00032,1010,2024-09-01 21:53:04.235879,/finance,scroll,sess_984
e00033,1148,2025-01-29 08:55:20.764975,/home,click,sess_632
e00034,1189,2025-02-27 15:44:19.297970,/finance,click,sess_161
e00035,1116,2024-09-19 22:43:42.220716,/finance,scroll,sess_813
e00036,1045,2024-08-08 19:53:05.226263,/sports,click,sess_828
e00037,1152,2025-05-17 05:01:56.736132,/news,click,sess_193
e00038,1052,2024-09-23 23:15:07.729314,/finance,scroll,sess_167
e00039,1110,2025-01-29 04:23:58.974998,/news,scroll,sess_595
e00040,1037,2025-02-07 06:20:13.804832,/entertainment,scroll,sess_573
e00041,1072,2024-11-26 03:48:44.977876,/finance,hover,sess_544
e00042,1088,2025-01-25 05:19:07.343679,/home,click,sess_884
e00043,1087,2025-01-02 23:34:31.139405,/news,scroll,sess_159
e00044,1028,2025-06-02 10:23:53.612936,/news,scroll,sess_332
e00045,1122,2024-09-08 15:28:28.631780,/entertainment,scroll,sess_321
e00046,1164,2025-03-14 14:57:10.582876,/finance,scroll,sess_685
e00047,1171,2024-09-21 05:15:04.593607,/home,hover,sess_422
e00048,1008,2024-11-17 14:21:04.479728,/news,scroll,sess_909
e00049,1131,2025-02-26 08:51:46.039729,/home,scroll,sess_648
e00050,1113,2024-10-13 14:41:23.647980,/home,click,sess_776
e00051,1184,2024-10-19 12:31:15.311971,/entertainment,scroll,sess_266
e00052,1052,2025-03-27 15:39:04.294895,/home,hover,sess_491
e00053,1073,2024-07-22 12:52:58.912678,/finance,hover,sess_331
e00054,1089,2024-12-10 10:12:30.249897,/entertainment,scroll,sess_165
e00055,1195,2025-06-25 17:11:58.198071,/finance,scroll,sess_262
e00056,1188,2025-06-24 20:31:47.635501,/news,click,sess_972
e00057,1137,2024-07-22 19:10:24.234911,/entertainment,hover,sess_936
e00058,1012,2024-09-11 21:26:49.359473,/home,hover,sess_819
e00059,1166,2024-09-30 21:40:14.475369,/entertainment,scroll,sess_558
e00060,1068,2025-06-01 21:42:54.810872,/home,click,sess_394
e00061,1122,2025-05-13 18:25:53.180881,/sports,hover,sess_984
e00062,1128,2025-05-13 04:27:33.914741,/sports,click,sess_362
e00063,1183,2024-11-08 00:10:23.784182,/home,hover,sess_981
e00064,1073,2024-08-22 15:45:30.143533,/finance,click,sess_838
e00065,1026,2025-04-26 13:23:44.424900,/entertainment,hover,sess_945
e00066,1030,2025-03-10 00:02:58.681442,/entertainment,hover,sess_912
e00067,1045,2025-02-04 10:48:28.770084,/entertainment,scroll,sess_213
e00068,1113,2025-06-21 14:50:08.159491,/entertainment,scroll,sess_294
e00069,1161,2025-02-19 21:35:13.008250,/sports,click,sess_275
e00070,1070,2024-06-28 21:33:46.727100,/finance,scroll,sess_799
e00071,1059,2025-04-20 11:31:34.476347,/news,click,sess_690
e00072,1139,2024-10-13 09:16:11.247184,/home,hover,sess_599
e00073,1150,2025-02-23 08:05:37.543564,/sports,scroll,sess_399
e00074,1111,2025-06-03 23:25:21.256407,/finance,click,sess_245
e00075,1092,2024-08-14 02:09:04.244057,/sports,scroll,sess_140
e00076,1166,2024-08-07 04:48:27.079247,/news,click,sess_278
e00077,1067,2024-08-04 03:14:21.091078,/home,scroll,sess_389
e00078,1131,2025-01-14 02:24:47.384361,/sports,hover,sess_886
e00079,1046,2024-10-03 12:19:35.636091,/entertainment,click,sess_640
e00080,1165,2025-02-01 22:46:50.176518,/sports,click,sess_291
e00081,1186,2025-03-15 03:24:13.339922,/news,scroll,sess_818
e00082,1058,2024-09-08 09:40:21.635427,/entertainment,hover,sess_814
e00083,1041,2025-02-12 16:33:54.829715,/entertainment,click,sess_111
e00084,1032,2024-09-30 11:00:25.292001,/entertainment,hover,sess_441
e00085,1146,2024-12-21 11:20:25.685869,/finance,scroll,sess_554
e00086,1146,2025-05-22 16:56:59.640157,/finance,click,sess_958
e00087,1170,2025-05-01 01:43:46.509065,/sports,scroll,sess_470
e00088,1182,2024-07-29 18:03:13.378815,/news,hover,sess_412
e00089,1019,2024-11-27 17:57:03.830790,/news,hover,sess_649
e00090,1157,2024-10-05 02:17:59.784313,/finance,hover,sess_747
e00091,1137,2024-06-27 08:04:05.374481,/entertainment,scroll,sess_769
e00092,1054,2025-04-03 16:26:00.745356,/news,scroll,sess_904
e00093,1106,2025-02-13 17:46:13.649568,/finance,click,sess_875
e00094,1101,2024-09-29 17:13:28.060452,/entertainment,scroll,sess_612
e00095,1015,2025-03-23 18:26:23.089776,/news,scroll,sess_324
e00096,1184,2025-01-13 12:53:08.405854,/sports,scroll,sess_647
e00097,1053,2024-11-29 05:59:18.192927,/news,click,sess_162
e00098,1166,2024-06-29 13:44:59.157740,/finance,hover,sess_694
e00099,1122,2024-07-23 12:33:25.627969,/sports,click,sess_551
e00100,1007,2025-05-14 14:05:10.313285,/sports,hover,sess_760
e00101,1095,2025-05-22 04:36:30.295573,/news,click,sess_308
e00102,1017,2025-01-11 07:30:03.720622,/home,scroll,sess_184
e00103,1094,2025-04-26 20:50:49.709458,/entertainment,scroll,sess_340
e00104,1149,2025-01-24 19:07:35.607193,/entertainment,hover,sess_577
e00105,1047,2024-08-19 03:08:31.494394,/home,click,sess_938
e00106,1151,2024-08-11 14:08:39.606369,/news,click,sess_763
e00107,1016,2024-10-16 15:06:22.368541,/entertainment,scroll,sess_767
e00108,1186,2025-05-20 09:14:36.509137,/home,hover,sess_298
e00109,1108,2025-04-12 19:36:16.399063,/finance,hover,sess_391
e00110,1115,2025-05-06 09:41:59.154721,/finance,scroll,sess_701
e00111,1139,2025-05-20 08:44:42.438762,/sports,scroll,sess_550
e00112,1176,2024-09-10 18:28:04.860182,/news,click,sess_117
e00113,1125,2024-09-25 04:18:19.104807,/news,hover,sess_549
e00114,1079,2024-08-02 14:03:06.181580,/sports,click,sess_732
e00115,1039,2025-04-06 23:17:57.294049,/news,click,sess_123
e00116,1024,2025-05-14 23:06:00.362128,/home,scroll,sess_181
e00117,1156,2024-11-21 11:11:39.007301,/finance,hover,sess_576
e00118,1005,2025-02-07 17:33:26.421187,/home,hover,sess_410
e00119,1095,2024-08-21 11:45:53.895668,/entertainment,hover,sess_617
e00120,1054,2025-05-31 16:06:04.723657,/news,scroll,sess_630
e00121,1035,2025-05-07 19:54:48.699710,/sports,scroll,sess_908
e00122,1112,2025-06-17 14:10:31.062810,/finance,hover,sess_174
e00123,1057,2025-04-18 04:01:04.122425,/news,click,sess_504
e00124,1166,2025-05-13 23:16:13.476682,/sports,scroll,sess_399
e00125,1052,2024-07-05 02:15:31.678822,/home,scroll,sess_896
e00126,1104,2025-03-22 01:32:05.582155,/home,click,sess_464
e00127,1174,2024-10-25 08:50:44.115022,/news,click,sess_411
e00128,1092,2025-06-01 00:17:46.180633,/home,hover,sess_234
e00129,1012,2025-04-15 01:11:17.489363,/entertainment,hover,sess_202
e00130,1125,2025-05-07 15:09:55.430535,/home,click,sess_240
e00131,1018,2025-04-18 03:49:17.145319,/news,hover,sess_763
e00132,1055,2024-10-01 11:44:32.340966,/entertainment,scroll,sess_158
e00133,1050,2025-04-09 14:55:24.517918,/entertainment,scroll,sess_563
e00134,1044,2024-08-04 12:31:40.145153,/home,scroll,sess_155
e00135,1135,2025-05-10 14:11:31.916137,/news,hover,sess_699
e00136,1123,2025-05-05 15:12:35.563848,/news,scroll,sess_868
e00137,1179,2024-09-15 06:47:17.102087,/entertainment,hover,sess_464
e00138,1163,2025-04-20 06:59:22.933959,/finance,click,sess_286
e00139,1126,2024-12-11 03:53:42.656709,/finance,click,sess_889
e00140,1034,2024-10-15 12:13:02.630215,/home,hover,sess_611
e00141,1168,2025-04-12 12:47:42.945555,/news,scroll,sess_744
e00142,1176,2024-09-17 04:02:05.710918,/finance,click,sess_527
e00143,1036,2024-07-04 16:25:27.318463,/home,click,sess_352
e00144,1174,2024-09-04 13:55:00.743993,/finance,hover,sess_376
e00145,1055,2024-10-23 22:27:10.732791,/sports,hover,sess_874
e00146,1113,2025-05-07 17:41:52.602473,/home,hover,sess_437
e00147,1189,2025-06-14 04:30:19.197731,/entertainment,scroll,sess_656
e00148,1142,2024-10-05 23:43:48.706326,/home,hover,sess_657
e00149,1150,2025-02-15 08:03:44.874062,/sports,click,sess_173
e00150,1040,2024-11-19 00:28:20.260157,/entertainment,click,sess_634
e00151,1191,2025-06-19 09:30:36.655398,/home,hover,sess_782
e00152,1129,2025-01-07 21:19:33.308878,/entertainment,scroll,sess_757
e00153,1141,2025-06-04 02:06:53.478622,/home,scroll,sess_793
e00154,1032,2024-08-07 04:02:44.212953,/news,click,sess_423
e00155,1129,2025-06-15 11:17:10.896267,/finance,click,sess_278
e00156,1160,2024-08-30 06:16:12.433051,/sports,hover,sess_804
e00157,1155,2025-06-12 14:19:56.293428,/sports,hover,sess_404
e00158,1004,2024-10-01 00:00:06.919018,/news,hover,sess_492
e00159,1024,2024-08-04 15:13:05.564182,/news,scroll,sess_791
e00160,1107,2024-12-01 18:16:08.804192,/home,click,sess_351
e00161,1172,2025-03-19 03:14:19.143121,/home,click,sess_736
e00162,1149,2024-10-18 14:36:27.193240,/entertainment,hover,sess_452
e00163,1047,2025-02-02 10:52:07.744645,/news,click,sess_162
e00164,1175,2024-12-29 19:59:57.478302,/home,click,sess_823
e00165,1187,2024-11-13 17:31:05.598465,/news,hover,sess_986
e00166,1043,2025-01-22 15:13:11.669379,/entertainment,click,sess_476
e00167,1117,2024-09-27 01:49:25.879474,/news,click,sess_842
e00168,1153,2025-03-11 22:01:45.082640,/news,click,sess_203
e00169,1112,2024-06-26 15:48:46.220248,/home,click,sess_546
e00170,1074,2025-05-30 02:21:26.145811,/sports,scroll,sess_956
e00171,1159,2025-01-08 16:55:42.520930,/entertainment,scroll,sess_754
e00172,1101,2025-03-15 19:20:17.553494,/finance,scroll,sess_644
e00173,1180,2025-03-24 00:44:37.731560,/entertainment,click,sess_893
e00174,1101,2025-02-25 23:33:21.668467,/finance,click,sess_941
e00175,1152,2024-11-06 01:39:55.830533,/entertainment,scroll,sess_165
e00176,1092,2024-07-21 14:21:40.084627,/home,click,sess_322
e00177,1169,2025-02-23 15:32:08.263996,/entertainment,click,sess_248
e00178,1168,2024-10-24 15:26:30.364587,/home,scroll,sess_252
e00179,1126,2024-10-18 16:41:48.137376,/finance,hover,sess_282
e00180,1080,2025-05-01 18:29:09.299348,/entertainment,scroll,sess_205
e00181,1066,2025-03-15 22:10:50.262806,/entertainment,scroll,sess_211
e00182,1001,2024-10-13 17:32:25.532864,/home,scroll,sess_283
e00183,1080,2024-10-17 00:06:09.434168,/entertainment,click,sess_162
e00184,1036,2024-11-22 04:51:42.201569,/finance,scroll,sess_754
e00185,1127,2024-11-20 00:19:57.780679,/news,click,sess_840
e00186,1126,2024-10-12 00:37:48.173138,/entertainment,hover,sess_747
e00187,1022,2024-08-11 12:45:42.470931,/home,click,sess_255
e00188,1011,2024-11-26 14:31:08.957040,/entertainment,click,sess_277
e00189,1122,2025-06-04 11:59:23.101223,/sports,scroll,sess_920
e00190,1073,2025-02-28 10:11:38.587034,/finance,hover,sess_951
e00191,1015,2025-05-21 18:45:51.266019,/home,hover,sess_354
e00192,1078,2025-02-05 20:26:36.706740,/finance,hover,sess_549
e00193,1135,2024-10-13 23:02:30.740899,/news,hover,sess_914
e00194,1024,2025-01-12 04:04:24.979499,/entertainment,click,sess_705
e00195,1001,2024-06-26 04:32:45.131859,/sports,scroll,sess_214
e00196,1065,2024-10-08 20:00:15.418011,/finance,click,sess_856
e00197,1168,2024-11-30 01:17:01.858757,/news,click,sess_286
e00198,1009,2025-01-23 20:59:41.624210,/finance,scroll,sess_927
e00199,1152,2025-02-20 03:58:47.524913,/news,hover,sess_867
e00200,1036,2024-12-12 20:57:44.562743,/entertainment,click,sess_582
e00201,1048,2024-12-04 12:51:15.056475,/sports,click,sess_629
e00202,1131,2024-09-12 02:14:33.693843,/home,scroll,sess_744
e00203,1091,2024-12-15 20:49:26.547588,/home,click,sess_659
e00204,1194,2025-05-21 04:31:20.408924,/news,scroll,sess_694
e00205,1095,2025-04-12 18:44:58.204784,/home,scroll,sess_914
e00206,1194,2024-08-27 00:27:41.591293,/finance,click,sess_908
e00207,1057,2024-07-27 00:17:05.366413,/home,click,sess_850
e00208,1199,2024-12-31 07:18:57.997564,/news,hover,sess_775
e00209,1089,2025-02-12 05:11:42.489015,/finance,hover,sess_991
e00210,1070,2024-10-26 11:10:02.286268,/home,scroll,sess_111
e00211,1042,2025-04-20 23:05:28.206589,/home,scroll,sess_660
e00212,1065,2025-03-27 09:17:02.905905,/home,scroll,sess_970
e00213,1069,2025-02-26 18:33:10.357716,/home,click,sess_664
e00214,1095,2024-09-16 02:08:01.191741,/sports,click,sess_410
e00215,1163,2024-09-06 18:30:45.716750,/sports,scroll,sess_353
e00216,1040,2024-07-04 23:05:40.512193,/news,hover,sess_584
e00217,1041,2024-09-23 11:13:06.525049,/sports,click,sess_560
e00218,1197,2024-12-16 13:55:07.178518,/news,click,sess_895
e00219,1101,2025-05-02 09:35:03.098521,/entertainment,click,sess_191
e00220,1191,2024-07-22 15:22:56.201725,/entertainment,click,sess_477
e00221,1032,2024-11-24 09:52:40.571628,/entertainment,scroll,sess_353
e00222,1155,2025-02-11 01:21:34.861880,/news,hover,sess_588
e00223,1186,2024-09-05 01:21:36.434892,/finance,hover,sess_938
e00224,1083,2025-03-07 09:03:42.245207,/finance,hover,sess_328
e00225,1197,2024-12-23 14:34:44.806890,/home,scroll,sess_437
e00226,1134,2024-09-23 03:41:47.547885,/entertainment,scroll,sess_703
e00227,1052,2025-02-20 15:50:04.457340,/sports,click,sess_412
e00228,1162,2024-06-28 01:35:31.362150,/home,scroll,sess_936
e00229,1004,2025-03-27 07:45:42.734027,/sports,click,sess_570
e00230,1126,2025-04-03 07:01:39.280637,/entertainment,hover,sess_339
e00231,1132,2024-08-03 23:18:22.178609,/news,scroll,sess_707
e00232,1009,2024-11-28 07:43:01.203656,/finance,scroll,sess_957
e00233,1185,2024-08-29 06:46:04.580529,/finance,click,sess_326
e00234,1045,2025-06-10 22:17:16.493180,/home,hover,sess_253
e00235,1028,2025-01-01 05:16:50.989907,/sports,hover,sess_837
e00236,1030,2024-07-14 09:11:23.322230,/sports,hover,sess_519
e00237,1096,2024-09-25 01:23:59.322884,/entertainment,hover,sess_412
e00238,1153,2025-05-01 21:18:01.152581,/entertainment,hover,sess_548
e00239,1003,2024-12-09 18:13:20.320440,/home,hover,sess_844
e00240,1151,2025-04-14 18:00:47.126567,/entertainment,click,sess_693
e00241,1059,2025-02-24 20:48:49.266706,/entertainment,hover,sess_126
e00242,1062,2025-06-21 20:36:56.337810,/entertainment,hover,sess_631
e00243,1073,2025-01-29 12:34:46.614527,/home,scroll,sess_578
e00244,1079,2025-06-08 00:48:24.113184,/home,click,sess_792
e00245,1170,2025-05-17 15:00:47.604356,/entertainment,hover,sess_186
e00246,1147,2025-02-04 19:21:02.609180,/sports,hover,sess_122
e00247,1169,2025-03-15 17:58:13.507660,/entertainment,click,sess_114
e00248,1006,2024-12-27 09:45:06.285928,/home,hover,sess_773
e00249,1030,2025-04-25 09:33:27.018638,/finance,click,sess_979
e00250,1185,2025-01-12 03:30:05.507231,/sports,hover,sess_149
e00251,1010,2025-05-19 17:41:54.250793,/news,hover,sess_242
e00252,1149,2025-03-24 15:41:33.463193,/news,click,sess_457
e00253,1189,2024-12-16 09:52:10.888774,/finance,hover,sess_748
e00254,1044,2024-09-28 16:59:54.268342,/entertainment,hover,sess_609
e00255,1151,2024-09-24 08:13:54.125302,/sports,hover,sess_101
e00256,1183,2025-02-13 22:34:28.617726,/entertainment,hover,sess_325
e00257,1083,2025-04-01 17:55:35.260553,/sports,hover,sess_418
e00258,1002,2025-01-02 10:34:35.570262,/entertainment,click,sess_839
e00259,1065,2025-02-09 22:54:49.964247,/sports,scroll,sess_692
e00260,1023,2024-10-04 08:02:34.138651,/news,hover,sess_146
e00261,1094,2024-07-24 08:11:16.742304,/finance,scroll,sess_814
e00262,1193,2024-10-08 09:36:42.824557,/sports,scroll,sess_419
e00263,1108,2024-10-03 06:46:36.901404,/sports,hover,sess_528
e00264,1099,2024-10-20 19:29:05.447265,/news,scroll,sess_448
e00265,1159,2025-01-09 07:49:56.085828,/home,hover,sess_459
e00266,1109,2024-08-15 13:56:28.728513,/home,scroll,sess_559
e00267,1025,2024-09-18 12:10:12.462752,/news,hover,sess_262
e00268,1129,2025-03-06 11:59:06.023971,/sports,click,sess_662
e00269,1178,2025-03-11 01:17:17.359802,/finance,click,sess_444
e00270,1080,2024-07-19 12:00:07.885561,/home,hover,sess_348
e00271,1109,2024-11-21 21:54:20.702335,/sports,click,sess_867
e00272,1114,2025-01-10 05:23:11.511541,/entertainment,click,sess_278
e00273,1161,2024-11-24 21:33:52.741195,/entertainment,hover,sess_302
e00274,1113,2024-09-09 14:02:53.225627,/finance,scroll,sess_778
e00275,1178,2024-11-26 11:51:53.072487,/finance,scroll,sess_972
e00276,1110,2025-05-22 12:35:03.983623,/entertainment,click,sess_769
e00277,1034,2025-01-25 08:53:14.877077,/finance,scroll,sess_996
e00278,1051,2025-03-07 01:46:30.266848,/entertainment,hover,sess_355
e00279,1038,2025-05-04 22:53:41.566159,/finance,scroll,sess_932
e00280,1093,2025-04-01 16:00:20.921590,/news,scroll,sess_370
e00281,1008,2024-11-11 23:18:58.709280,/home,hover,sess_735
e00282,1043,2024-06-28 04:40:16.153094,/entertainment,click,sess_262
e00283,1165,2024-11-01 12:25:14.671591,/news,scroll,sess_673
e00284,1092,2025-03-28 05:46:10.604066,/sports,click,sess_372
e00285,1022,2025-05-03 18:06:26.665850,/entertainment,scroll,sess_216
e00286,1010,2025-06-09 06:31:44.485492,/finance,click,sess_644
e00287,1127,2024-11-26 02:01:38.994331,/news,hover,sess_382
e00288,1102,2025-03-26 01:31:49.621804,/entertainment,hover,sess_883
e00289,1031,2025-01-11 12:15:08.119341,/home,hover,sess_318
e00290,1029,2025-02-01 08:57:17.690535,/home,hover,sess_401
e00291,1120,2024-09-14 14:10:36.354562,/news,hover,sess_251
e00292,1133,2024-09-14 04:23:05.596437,/home,click,sess_490
e00293,1131,2024-12-02 05:25:15.835406,/entertainment,click,sess_154
e00294,1100,2024-07-06 15:24:43.580506,/finance,hover,sess_289
e00295,1034,2024-10-26 19:25:06.272290,/home,hover,sess_269
e00296,1110,2025-03-01 02:10:56.172382,/finance,hover,sess_662
e00297,1164,2024-11-20 17:07:49.388376,/entertainment,scroll,sess_137
e00298,1090,2024-08-25 07:43:48.010780,/finance,hover,sess_439
e00299,1025,2024-12-13 18:01:02.548325,/entertainment,hover,sess_429
e00300,1177,2024-08-11 15:44:31.705063,/news,click,sess_752
e00301,1065,2025-02-08 07:32:33.641621,/home,hover,sess_144
e00302,1089,2024-07-05 21:22:08.203627,/finance,hover,sess_305
e00303,1171,2024-11-16 22:52:28.207964,/sports,scroll,sess_183
e00304,1180,2025-01-18 04:18:43.808829,/home,click,sess_951
e00305,1098,2024-07-05 22:33:27.121421,/entertainment,hover,sess_512
e00306,1168,2025-02-15 19:10:35.956324,/finance,click,sess_671
e00307,1066,2024-08-14 14:29:47.893870,/news,scroll,sess_350
e00308,1113,2024-12-11 16:07:30.910544,/finance,hover,sess_422
e00309,1028,2024-07-14 09:46:13.903857,/news,scroll,sess_147
e00310,1018,2024-11-11 12:07:15.558765,/sports,click,sess_542
e00311,1104,2024-09-11 08:21:02.710547,/finance,click,sess_745
e00312,1002,2024-10-23 10:02:21.777347,/sports,click,sess_728
e00313,1109,2025-03-31 01:44:39.927369,/finance,hover,sess_186
e00314,1037,2024-11-11 12:19:00.895236,/sports,hover,sess_311
e00315,1131,2025-03-27 16:55:30.471325,/entertainment,hover,sess_228
e00316,1161,2025-04-25 21:26:10.038634,/sports,hover,sess_174
e00317,1103,2024-09-26 04:20:21.128772,/news,scroll,sess_824
e00318,1014,2024-07-25 22:57:28.364014,/entertainment,scroll,sess_888
e00319,1195,2024-07-03 02:53:48.272249,/home,click,sess_774
e00320,1099,2025-01-09 01:24:19.488663,/news,click,sess_842
e00321,1020,2025-06-26 05:56:22.368598,/home,scroll,sess_571
e00322,1152,2024-10-31 20:39:21.177247,/sports,scroll,sess_385
e00323,1006,2025-02-18 11:59:40.512646,/finance,hover,sess_816
e00324,1011,2025-04-07 09:05:20.101046,/entertainment,scroll,sess_450
e00325,1127,2025-02-19 02:06:44.592302,/entertainment,scroll,sess_682
e00326,1064,2025-03-28 12:24:53.102941,/finance,hover,sess_178
e00327,1041,2025-06-07 21:03:21.751821,/news,click,sess_340
e00328,1014,2024-09-06 20:32:07.422094,/finance,hover,sess_924
e00329,1186,2024-07-03 11:38:01.826253,/finance,click,sess_789
e00330,1142,2024-08-20 16:44:04.456991,/news,hover,sess_121
e00331,1091,2024-08-11 03:24:36.981768,/news,scroll,sess_412
e00332,1109,2025-02-25 13:18:11.022536,/finance,scroll,sess_218
e00333,1163,2025-01-18 00:36:34.208996,/finance,scroll,sess_717
e00334,1003,2024-09-13 15:36:44.474748,/news,scroll,sess_291
e00335,1120,2025-03-08 12:19:46.438862,/news,click,sess_935
e00336,1120,2025-04-02 03:25:55.828730,/finance,hover,sess_393
e00337,1016,2024-08-26 07:47:12.700924,/entertainment,hover,sess_109
e00338,1122,2025-02-02 19:58:23.851378,/news,scroll,sess_118
e00339,1170,2025-03-26 05:07:27.346381,/news,hover,sess_778
e00340,1057,2024-08-06 20:57:18.585426,/finance,click,sess_867
e00341,1146,2025-04-21 06:47:05.862225,/entertainment,scroll,sess_842
e00342,1161,2025-06-13 09:29:53.748353,/news,hover,sess_477
e00343,1085,2024-08-04 12:33:18.704875,/news,hover,sess_879
e00344,1147,2024-07-05 10:04:42.294319,/home,hover,sess_256
e00345,1163,2024-10-17 23:31:47.404651,/sports,click,sess_884
e00346,1162,2025-02-28 10:27:04.511455,/entertainment,scroll,sess_585
e00347,1076,2025-06-11 00:06:02.297634,/home,click,sess_784
e00348,1127,2024-11-17 21:57:54.494168,/home,hover,sess_766
e00349,1102,2025-03-14 04:38:05.283364,/entertainment,click,sess_463
e00350,1012,2024-07-23 19:09:15.788223,/finance,hover,sess_736
e00351,1085,2025-03-05 06:44:51.801391,/home,click,sess_441
e00352,1008,2025-02-10 03:14:37.685990,/home,click,sess_348
e00353,1027,2024-08-02 06:13:47.594014,/finance,scroll,sess_421
e00354,1091,2025-04-04 04:22:10.351452,/finance,click,sess_681
e00355,1022,2025-05-02 14:27:14.268510,/sports,click,sess_656
e00356,1198,2025-01-31 08:03:05.820109,/news,hover,sess_973
e00357,1053,2024-08-09 06:07:37.729792,/sports,hover,sess_653
e00358,1171,2025-06-20 09:07:51.465840,/entertainment,click,sess_952
e00359,1113,2025-04-07 21:22:52.009383,/finance,scroll,sess_563
e00360,1029,2024-10-30 20:29:32.560045,/entertainment,scroll,sess_636
e00361,1176,2024-11-29 12:02:46.871853,/sports,hover,sess_972
e00362,1180,2024-11-08 09:19:22.310102,/home,scroll,sess_581
e00363,1095,2024-12-27 20:07:06.066191,/entertainment,scroll,sess_732
e00364,1077,2024-10-28 16:08:17.100067,/news,click,sess_671
e00365,1161,2025-05-02 08:09:48.773260,/news,scroll,sess_512
e00366,1068,2025-04-22 09:20:34.686805,/home,click,sess_794
e00367,1043,2024-08-03 14:06:57.278651,/entertainment,scroll,sess_477
e00368,1197,2025-06-11 23:01:14.610673,/entertainment,hover,sess_567
e00369,1069,2025-02-13 04:22:26.398775,/home,hover,sess_681
e00370,1019,2025-04-24 17:14:12.834574,/sports,hover,sess_522
e00371,1198,2025-03-11 09:05:07.139951,/news,scroll,sess_279
e00372,1013,2024-12-02 02:21:47.866401,/news,hover,sess_866
e00373,1198,2025-03-21 01:15:39.686790,/news,hover,sess_469
e00374,1102,2025-06-13 16:05:54.651615,/finance,scroll,sess_350
e00375,1054,2024-10-02 16:27:53.881045,/finance,hover,sess_361
e00376,1149,2025-04-17 05:28:04.383291,/entertainment,click,sess_685
e00377,1078,2025-01-08 14:28:55.331140,/home,scroll,sess_880
e00378,1081,2024-12-19 15:12:38.086701,/news,click,sess_471
e00379,1079,2024-12-02 03:07:44.284058,/home,scroll,sess_421
e00380,1089,2025-03-20 00:59:16.253906,/home,scroll,sess_282
e00381,1072,2024-10-02 01:40:42.137797,/home,click,sess_655
e00382,1044,2025-05-03 02:54:02.338456,/home,click,sess_512
e00383,1095,2025-04-25 10:58:34.450142,/sports,scroll,sess_806
e00384,1156,2024-07-27 16:39:13.194938,/news,scroll,sess_874
e00385,1005,2025-05-14 01:09:17.522943,/finance,scroll,sess_434
e00386,1168,2024-09-23 02:38:09.170601,/sports,scroll,sess_319
e00387,1105,2024-12-12 18:30:37.397563,/home,scroll,sess_220
e00388,1111,2025-02-03 23:00:31.462833,/news,scroll,sess_691
e00389,1064,2024-11-11 11:07:00.417199,/entertainment,scroll,sess_551
e00390,1054,2024-07-06 12:33:53.252831,/finance,scroll,sess_416
e00391,1174,2025-05-02 20:14:09.003963,/news,click,sess_813
e00392,1093,2024-08-31 10:57:07.366603,/news,click,sess_687
e00393,1197,2024-09-11 12:22:45.112482,/finance,scroll,sess_911
e00394,1144,2025-04-13 10:35:40.056682,/finance,scroll,sess_755
e00395,1155,2024-10-28 08:18:58.024281,/news,hover,sess_567
e00396,1007,2025-05-13 13:39:40.196756,/sports,click,sess_922
e00397,1146,2025-03-09 03:23:45.496723,/home,hover,sess_256
e00398,1051,2024-10-04 22:41:29.510234,/finance,scroll,sess_572
e00399,1149,2024-06-29 17:58:11.038447,/home,hover,sess_465
e00400,1185,2025-06-07 07:28:35.478389,/sports,hover,sess_752
e00401,1117,2024-07-27 07:27:00.638687,/sports,click,sess_375
e00402,1106,2025-03-16 00:59:21.075425,/entertainment,hover,sess_306
e00403,1055,2024-12-21 11:44:37.128456,/entertainment,scroll,sess_506
e00404,1057,2025-03-29 22:52:36.814478,/sports,click,sess_809
e00405,1171,2025-03-05 06:42:11.604048,/news,click,sess_939
e00406,1111,2025-02-16 22:49:02.288760,/sports,click,sess_804
e00407,1011,2024-12-22 07:24:34.294242,/news,click,sess_980
e00408,1134,2025-04-11 15:38:48.185374,/news,click,sess_666
e00409,1095,2024-07-30 00:40:15.017369,/sports,hover,sess_547
e00410,1166,2024-09-14 23:26:54.108262,/entertainment,click,sess_613
e00411,1118,2025-03-05 17:01:39.627842,/entertainment,scroll,sess_686
e00412,1098,2024-10-15 21:06:57.854423,/home,click,sess_291
e00413,1180,2025-01-24 10:45:51.075659,/sports,scroll,sess_559
e00414,1120,2024-12-15 21:28:31.303015,/home,hover,sess_415
e00415,1046,2025-01-05 22:55:18.217777,/news,hover,sess_479
e00416,1037,2024-11-28 10:51:06.484532,/news,hover,sess_339
e00417,1108,2025-03-25 11:40:42.649416,/finance,hover,sess_926
e00418,1080,2024-10-24 20:37:28.636709,/entertainment,click,sess_857
e00419,1045,2025-03-09 18:02:42.856852,/entertainment,click,sess_515
e00420,1068,2024-10-02 23:46:33.164151,/news,hover,sess_615
e00421,1088,2024-09-25 20:43:54.439303,/finance,scroll,sess_163
e00422,1090,2024-08-09 02:37:40.901975,/home,scroll,sess_793
e00423,1069,2024-09-04 09:08:06.706196,/home,click,sess_603
e00424,1020,2024-08-08 16:58:32.407334,/news,hover,sess_609
e00425,1104,2025-01-07 18:14:32.687528,/home,click,sess_843
e00426,1200,2025-03-31 10:09:31.288433,/home,hover,sess_243
e00427,1116,2024-09-01 15:57:59.698247,/home,click,sess_363
e00428,1105,2024-09-13 01:45:47.955104,/finance,scroll,sess_187
e00429,1195,2024-12-19 21:21:21.988245,/home,scroll,sess_884
e00430,1009,2025-03-17 16:31:32.589053,/news,click,sess_212
e00431,1141,2025-06-17 17:41:24.996866,/entertainment,click,sess_341
e00432,1113,2025-01-03 15:49:42.174327,/entertainment,hover,sess_442
e00433,1164,2024-10-07 09:41:10.367590,/sports,click,sess_106
e00434,1152,2024-08-01 18:10:30.854129,/finance,click,sess_541
e00435,1173,2024-09-04 22:34:32.164779,/entertainment,hover,sess_707
e00436,1003,2024-09-17 03:03:01.134464,/finance,scroll,sess_122
e00437,1170,2024-08-30 13:55:44.421513,/entertainment,hover,sess_708
e00438,1038,2024-07-01 05:00:31.290331,/home,click,sess_961
e00439,1172,2025-01-07 03:05:15.000356,/finance,scroll,sess_183
e00440,1109,2024-10-04 05:32:05.121109,/entertainment,hover,sess_964
e00441,1130,2025-06-16 21:25:22.926947,/sports,hover,sess_134
e00442,1043,2025-01-14 03:35:57.828496,/finance,hover,sess_682
e00443,1158,2025-03-07 18:22:51.549875,/news,scroll,sess_968
e00444,1080,2024-08-11 03:55:23.621502,/finance,hover,sess_640
e00445,1023,2025-05-09 05:42:35.728271,/news,hover,sess_545
e00446,1045,2024-12-22 07:54:44.371112,/home,hover,sess_444
e00447,1146,2025-05-10 19:02:21.279339,/finance,hover,sess_883
e00448,1002,2025-01-21 17:05:48.025794,/sports,hover,sess_657
e00449,1163,2024-12-14 11:36:30.470379,/entertainment,scroll,sess_486
e00450,1197,2024-12-03 22:01:52.579015,/news,hover,sess_704
e00451,1051,2024-09-01 09:04:30.674491,/news,click,sess_256
e00452,1089,2024-07-14 19:20:36.500709,/news,hover,sess_264
e00453,1140,2025-06-04 18:07:30.482421,/home,scroll,sess_690
e00454,1168,2024-12-17 12:38:48.842038,/news,hover,sess_574
e00455,1035,2025-04-22 07:27:21.380184,/finance,scroll,sess_797
e00456,1003,2024-11-19 09:29:33.968380,/news,click,sess_928
e00457,1195,2024-07-23 02:22:26.489064,/finance,hover,sess_491
e00458,1110,2025-02-10 22:33:27.000618,/entertainment,hover,sess_881
e00459,1022,2024-07-15 14:54:42.404654,/finance,hover,sess_695
e00460,1180,2024-08-19 12:49:03.785073,/news,click,sess_679
e00461,1158,2025-01-17 14:42:15.575544,/entertainment,scroll,sess_566
e00462,1156,2024-10-15 00:20:12.034630,/sports,click,sess_378
e00463,1057,2025-06-24 01:26:06.803982,/home,scroll,sess_102
e00464,1116,2024-08-08 07:18:19.677495,/entertainment,click,sess_353
e00465,1038,2025-04-01 05:54:54.991089,/finance,scroll,sess_350
e00466,1034,2025-02-02 11:49:21.052414,/sports,hover,sess_113
e00467,1148,2025-04-10 20:25:54.611790,/finance,hover,sess_462
e00468,1189,2024-09-16 11:18:24.402957,/finance,hover,sess_797
e00469,1028,2025-01-02 21:43:58.531955,/finance,scroll,sess_894
e00470,1075,2024-12-07 14:05:21.032676,/entertainment,hover,sess_144
e00471,1010,2024-12-04 17:46:24.845493,/sports,click,sess_653
e00472,1073,2025-05-06 05:00:07.389477,/home,click,sess_381
e00473,1129,2025-06-22 15:21:50.118298,/sports,hover,sess_366
e00474,1069,2024-10-15 13:52:38.749602,/entertainment,hover,sess_176
e00475,1052,2025-02-07 20:45:50.219861,/sports,hover,sess_520
e00476,1007,2025-02-03 16:51:56.755159,/finance,hover,sess_696
e00477,1161,2025-03-23 08:25:57.829599,/sports,scroll,sess_359
e00478,1149,2025-06-07 03:20:08.787855,/news,hover,sess_983
e00479,1140,2024-09-09 22:24:23.088067,/entertainment,click,sess_504
e00480,1169,2024-09-11 02:47:01.377601,/news,hover,sess_475
e00481,1176,2025-02-22 06:08:31.372341,/home,scroll,sess_147
e00482,1160,2024-08-22 09:42:44.232748,/sports,hover,sess_572
e00483,1110,2024-08-28 12:35:43.257761,/news,scroll,sess_497
e00484,1141,2024-07-23 10:59:17.250789,/news,scroll,sess_877
e00485,1090,2024-06-27 00:26:32.071789,/entertainment,scroll,sess_160
e00486,1039,2024-12-07 13:59:41.473643,/news,click,sess_537
e00487,1007,2025-01-28 22:11:38.118232,/sports,click,sess_614
e00488,1083,2024-10-10 10:05:47.491500,/sports,click,sess_275
e00489,1149,2024-09-18 14:03:09.424159,/news,click,sess_461
e00490,1151,2025-03-11 05:59:33.487154,/finance,click,sess_452
e00491,1083,2025-03-09 19:12:27.782048,/home,click,sess_517
e00492,1083,2024-12-08 20:55:01.703157,/sports,click,sess_654
e00493,1009,2025-03-04 02:26:19.453069,/finance,click,sess_216
e00494,1057,2025-05-29 11:46:11.918220,/home,click,sess_427
e00495,1057,2025-04-09 18:53:56.050292,/finance,click,sess_286
e00496,1083,2025-02-09 08:05:45.516768,/sports,scroll,sess_702
e00497,1032,2025-02-22 12:45:33.731000,/sports,scroll,sess_139
e00498,1158,2025-06-02 01:18:04.054692,/sports,scroll,sess_344
e00499,1011,2024-11-28 07:39:13.116663,/news,scroll,sess_102
e00500,1146,2025-01-10 22:29:26.220502,/finance,click,sess_837
e00501,1157,2025-02-17 13:59:52.990845,/finance,click,sess_516
e00502,1042,2025-05-23 19:54:15.155953,/finance,hover,sess_837
e00503,1124,2025-04-23 23:02:16.274451,/finance,click,sess_737
e00504,1008,2024-07-22 02:56:56.369462,/entertainment,hover,sess_801
e00505,1041,2024-08-25 15:25:36.655822,/home,scroll,sess_161
e00506,1044,2024-10-16 09:26:19.761149,/entertainment,hover,sess_683
e00507,1046,2025-03-26 14:10:16.110512,/news,click,sess_493
e00508,1113,2025-01-19 22:31:11.584702,/news,click,sess_604
e00509,1033,2024-10-09 10:52:43.141972,/finance,scroll,sess_770
e00510,1184,2024-08-10 11:02:30.561654,/entertainment,hover,sess_211
e00511,1066,2025-03-04 13:46:24.557690,/sports,click,sess_838
e00512,1178,2025-03-08 14:41:06.167086,/finance,hover,sess_918
e00513,1086,2025-06-05 08:15:40.262632,/entertainment,hover,sess_903
e00514,1015,2024-12-25 20:00:23.368656,/finance,scroll,sess_700
e00515,1124,2024-12-23 09:28:40.374935,/home,scroll,sess_603
e00516,1127,2024-07-25 10:07:17.283737,/sports,click,sess_706
e00517,1117,2024-07-10 14:23:51.243235,/entertainment,scroll,sess_882
e00518,1151,2024-11-30 20:02:49.499354,/sports,click,sess_373
e00519,1179,2024-10-21 18:22:52.113140,/sports,scroll,sess_118
e00520,1042,2024-09-25 11:39:08.799289,/finance,scroll,sess_910
e00521,1066,2024-07-29 09:32:13.451116,/sports,scroll,sess_570
e00522,1173,2025-06-12 08:52:09.707368,/finance,click,sess_622
e00523,1098,2025-04-27 08:48:00.285963,/home,click,sess_846
e00524,1174,2025-01-22 03:02:41.437088,/entertainment,click,sess_789
e00525,1095,2025-06-08 07:21:06.561158,/news,click,sess_180
e00526,1143,2025-06-26 02:59:57.872284,/home,click,sess_293
e00527,1147,2025-02-26 14:02:47.473519,/home,hover,sess_468
e00528,1087,2024-10-02 11:27:23.295532,/finance,scroll,sess_764
e00529,1195,2024-07-10 17:38:55.288263,/finance,scroll,sess_391
e00530,1154,2025-03-29 06:15:30.826358,/finance,scroll,sess_942
e00531,1054,2024-12-14 21:17:05.267134,/home,hover,sess_737
e00532,1117,2025-02-18 23:57:47.959554,/finance,click,sess_467
e00533,1079,2025-05-26 15:03:42.125389,/news,click,sess_796
e00534,1158,2024-08-31 07:52:40.105785,/news,hover,sess_177
e00535,1167,2025-01-25 19:50:47.457872,/sports,click,sess_520
e00536,1049,2025-02-12 21:21:28.808647,/sports,scroll,sess_483
e00537,1082,2024-12-22 15:20:16.324130,/entertainment,hover,sess_862
e00538,1099,2024-07-29 08:47:47.527419,/sports,hover,sess_674
e00539,1066,2024-10-31 03:07:50.191772,/finance,hover,sess_851
e00540,1185,2024-10-25 18:41:19.985473,/sports,scroll,sess_271
e00541,1030,2025-02-25 19:13:01.244714,/sports,hover,sess_923
e00542,1185,2025-05-05 07:40:11.818455,/news,hover,sess_730
e00543,1107,2024-10-24 11:58:02.143394,/finance,click,sess_349
e00544,1147,2025-03-06 09:33:52.000045,/news,scroll,sess_876
e00545,1002,2024-10-09 07:26:07.878723,/entertainment,hover,sess_567
e00546,1113,2025-06-06 06:19:37.996902,/finance,scroll,sess_107
e00547,1044,2025-04-19 04:30:43.576793,/news,hover,sess_848
e00548,1173,2025-01-12 23:00:08.463818,/finance,click,sess_723
e00549,1073,2024-12-09 03:52:56.123705,/finance,click,sess_552
e00550,1007,2024-10-18 21:58:09.896290,/entertainment,hover,sess_560
e00551,1014,2024-10-22 02:43:40.529232,/sports,click,sess_782
e00552,1132,2025-06-15 09:23:38.295130,/entertainment,click,sess_352
e00553,1003,2024-11-20 15:53:20.571558,/entertainment,hover,sess_759
e00554,1140,2024-12-30 23:48:53.081339,/news,click,sess_400
e00555,1153,2025-06-21 22:36:12.197395,/entertainment,click,sess_146
e00556,1025,2025-02-21 05:52:50.193906,/home,hover,sess_111
e00557,1078,2025-01-10 05:13:57.812421,/entertainment,click,sess_609
e00558,1184,2024-11-23 23:24:59.494355,/entertainment,scroll,sess_651
e00559,1020,2024-09-02 13:17:27.736996,/home,scroll,sess_434
e00560,1172,2024-11-05 04:15:30.726999,/finance,scroll,sess_988
e00561,1119,2025-03-29 07:47:11.911539,/entertainment,hover,sess_826
e00562,1093,2025-02-09 11:10:13.567962,/home,scroll,sess_440
e00563,1064,2025-03-30 14:52:55.708976,/finance,click,sess_768
e00564,1110,2024-09-08 09:19:48.588245,/finance,scroll,sess_895
e00565,1127,2025-01-12 15:18:54.156631,/entertainment,hover,sess_541
e00566,1164,2025-05-30 20:44:39.408359,/sports,hover,sess_832
e00567,1030,2024-12-03 01:24:28.949550,/home,scroll,sess_631
e00568,1156,2025-03-08 01:40:46.831001,/news,click,sess_553
e00569,1017,2024-08-09 09:22:45.856188,/entertainment,scroll,sess_779
e00570,1110,2025-06-16 11:21:32.156126,/news,hover,sess_723
e00571,1079,2025-02-03 10:12:37.455986,/sports,scroll,sess_856
e00572,1021,2024-09-21 10:36:41.844144,/entertainment,click,sess_991
e00573,1181,2024-08-22 21:17:32.903367,/news,scroll,sess_744
e00574,1158,2025-01-13 05:30:36.122485,/entertainment,scroll,sess_134
e00575,1055,2025-01-13 17:53:26.921137,/entertainment,hover,sess_338
e00576,1103,2024-07-30 02:02:13.157612,/home,click,sess_664
e00577,1002,2025-06-23 10:52:31.592010,/finance,scroll,sess_782
e00578,1176,2025-05-25 11:30:42.161837,/sports,scroll,sess_153
e00579,1102,2024-12-11 13:55:44.374356,/finance,hover,sess_585
e00580,1183,2024-08-07 22:40:03.255756,/finance,click,sess_860
e00581,1063,2025-04-25 23:21:17.448827,/sports,hover,sess_836
e00582,1035,2024-12-25 01:37:39.230912,/news,scroll,sess_437
e00583,1112,2025-03-14 18:33:36.975045,/finance,click,sess_965
e00584,1189,2024-12-28 21:38:14.837337,/finance,hover,sess_982
e00585,1186,2024-10-03 21:45:52.281408,/entertainment,click,sess_268
e00586,1007,2025-04-26 21:58:38.183442,/sports,click,sess_125
e00587,1160,2025-06-19 01:34:36.086482,/sports,scroll,sess_711
e00588,1190,2024-09-23 01:28:26.858054,/news,hover,sess_425
e00589,1111,2025-01-13 09:14:41.497137,/home,scroll,sess_741
e00590,1191,2024-11-13 03:24:37.553333,/news,hover,sess_975
e00591,1092,2025-05-28 17:51:44.834199,/entertainment,hover,sess_206
e00592,1122,2024-12-28 16:06:18.640402,/home,scroll,sess_293
e00593,1011,2025-05-13 04:57:01.491526,/finance,scroll,sess_851
e00594,1027,2025-05-07 14:50:24.866652,/home,click,sess_976
e00595,1176,2024-10-04 22:30:21.361541,/finance,click,sess_511
e00596,1166,2025-04-10 13:59:31.523840,/news,scroll,sess_763
e00597,1156,2024-11-24 14:16:23.515210,/sports,click,sess_139
e00598,1153,2025-06-02 06:23:04.917863,/sports,scroll,sess_225
e00599,1060,2024-12-28 11:41:38.792779,/news,hover,sess_682
e00600,1150,2025-04-21 17:43:38.100256,/entertainment,hover,sess_208
e00601,1134,2024-10-07 08:17:10.125965,/news,click,sess_673
e00602,1164,2024-10-13 02:03:23.132503,/home,hover,sess_604
e00603,1060,2025-01-26 09:56:33.754665,/news,click,sess_453
e00604,1152,2025-06-25 21:07:32.219502,/entertainment,scroll,sess_608
e00605,1127,2024-12-21 21:03:26.154362,/entertainment,click,sess_910
e00606,1108,2024-08-19 07:32:21.388715,/finance,scroll,sess_933
e00607,1176,2025-01-08 18:03:20.105329,/entertainment,scroll,sess_482
e00608,1034,2024-10-30 02:15:40.115286,/home,scroll,sess_166
e00609,1146,2025-01-13 14:57:47.224305,/finance,hover,sess_190
e00610,1073,2025-01-10 12:33:54.031250,/finance,hover,sess_480
e00611,1146,2024-12-09 08:25:44.863477,/home,click,sess_670
e00612,1134,2024-10-21 13:36:37.891957,/home,scroll,sess_169
e00613,1009,2024-09-02 22:40:08.152848,/finance,click,sess_111
e00614,1058,2025-03-07 19:05:28.740838,/finance,scroll,sess_123
e00615,1097,2025-01-20 21:13:42.233540,/sports,hover,sess_978
e00616,1129,2024-09-19 08:20:23.449763,/entertainment,scroll,sess_553
e00617,1057,2025-04-05 07:13:27.256966,/sports,click,sess_944
e00618,1177,2024-07-11 23:35:21.294727,/entertainment,hover,sess_376
e00619,1195,2025-03-25 00:53:38.865783,/news,scroll,sess_790
e00620,1087,2025-03-10 14:50:45.061345,/sports,hover,sess_327
e00621,1082,2025-04-18 09:36:11.526289,/news,scroll,sess_935
e00622,1096,2024-11-14 01:15:40.267567,/news,hover,sess_513
e00623,1129,2025-02-23 10:43:28.178192,/finance,click,sess_538
e00624,1054,2025-04-21 19:27:48.811945,/finance,hover,sess_294
e00625,1094,2025-06-19 06:36:14.065698,/home,click,sess_622
e00626,1191,2024-12-23 22:55:10.429182,/finance,click,sess_896
e00627,1196,2024-07-09 13:29:33.102055,/news,hover,sess_128
e00628,1166,2024-12-26 11:57:04.219882,/news,scroll,sess_977
e00629,1140,2025-01-27 14:22:03.000089,/news,scroll,sess_169
e00630,1071,2025-05-09 16:34:18.187889,/news,scroll,sess_734
e00631,1163,2025-05-11 07:55:49.847773,/finance,scroll,sess_712
e00632,1076,2024-12-03 20:36:21.820894,/sports,click,sess_562
e00633,1086,2025-01-04 03:20:54.595299,/news,scroll,sess_336
e00634,1093,2024-12-09 22:18:33.617172,/home,hover,sess_667
e00635,1131,2025-03-16 21:45:24.141476,/news,scroll,sess_867
e00636,1126,2024-11-22 18:45:42.068980,/finance,scroll,sess_975
e00637,1094,2025-02-20 04:38:36.455810,/sports,hover,sess_920
e00638,1158,2024-08-21 10:04:51.229412,/news,scroll,sess_611
e00639,1070,2024-12-14 12:25:45.949757,/home,hover,sess_866
e00640,1145,2025-06-15 00:47:38.100272,/home,scroll,sess_573
e00641,1160,2024-10-27 16:44:02.482795,/entertainment,scroll,sess_195
e00642,1146,2025-03-06 01:04:11.143592,/finance,scroll,sess_676
e00643,1042,2025-02-18 09:17:58.688568,/sports,scroll,sess_112
e00644,1090,2025-05-03 03:21:27.464674,/entertainment,click,sess_846
e00645,1196,2025-05-03 08:24:25.539897,/sports,hover,sess_494
e00646,1183,2025-05-05 21:46:29.439461,/sports,click,sess_990
e00647,1165,2024-11-11 20:03:31.235142,/entertainment,hover,sess_346
e00648,1108,2024-10-19 16:45:47.436132,/sports,click,sess_912
e00649,1026,2025-03-15 13:05:31.046361,/finance,click,sess_396
e00650,1166,2025-03-30 09:43:17.415087,/home,click,sess_917
e00651,1003,2025-05-10 16:05:15.570929,/home,hover,sess_333
e00652,1146,2024-07-09 03:40:13.416215,/sports,hover,sess_766
e00653,1036,2024-07-21 00:44:50.455731,/sports,click,sess_317
e00654,1020,2025-02-11 13:35:36.582373,/entertainment,click,sess_989
e00655,1070,2025-05-28 09:37:51.444928,/home,scroll,sess_238
e00656,1119,2025-06-25 08:11:01.530286,/finance,click,sess_786
e00657,1001,2025-03-25 18:57:44.088828,/home,scroll,sess_419
e00658,1195,2024-12-01 13:04:38.171010,/finance,hover,sess_685
e00659,1035,2024-07-31 23:54:58.750289,/entertainment,hover,sess_159
e00660,1198,2025-02-12 12:16:07.923409,/home,hover,sess_474
e00661,1189,2025-05-10 17:48:27.482465,/finance,hover,sess_459
e00662,1042,2024-12-05 02:10:01.923651,/news,scroll,sess_375
e00663,1119,2025-03-06 12:26:06.477959,/news,scroll,sess_100
e00664,1041,2025-05-22 00:11:09.622175,/sports,hover,sess_857
e00665,1106,2024-07-12 20:07:59.856931,/news,hover,sess_315
e00666,1171,2025-04-12 19:47:24.148249,/finance,click,sess_109
e00667,1059,2024-10-11 04:34:44.457041,/entertainment,scroll,sess_302
e00668,1054,2024-11-09 22:45:16.311992,/entertainment,scroll,sess_894
e00669,1171,2024-08-18 05:01:02.612460,/home,hover,sess_755
e00670,1175,2025-01-06 01:03:50.273912,/sports,click,sess_143
e00671,1095,2025-01-18 17:46:37.444873,/news,click,sess_154
e00672,1191,2025-04-11 12:01:22.812120,/home,scroll,sess_513
e00673,1031,2024-08-27 03:01:24.137959,/home,hover,sess_106
e00674,1129,2024-07-24 21:12:18.394133,/entertainment,scroll,sess_130
e00675,1074,2025-05-10 02:33:30.312782,/news,scroll,sess_653
e00676,1033,2025-02-07 09:13:11.496398,/entertainment,click,sess_287
e00677,1127,2024-09-22 00:02:37.162545,/news,scroll,sess_989
e00678,1143,2025-05-25 10:37:39.271795,/finance,hover,sess_443
e00679,1159,2024-08-17 07:31:23.111017,/finance,hover,sess_180
e00680,1102,2024-12-11 11:19:01.072166,/finance,click,sess_620
e00681,1007,2024-09-26 19:17:30.849856,/entertainment,scroll,sess_331
e00682,1160,2024-09-27 07:07:12.523128,/news,scroll,sess_418
e00683,1008,2024-06-29 11:21:47.263499,/sports,click,sess_155
e00684,1064,2025-04-15 22:12:28.586972,/finance,click,sess_473
e00685,1022,2025-05-21 04:46:22.861222,/finance,click,sess_708
e00686,1078,2025-02-28 12:45:42.830732,/entertainment,hover,sess_366
e00687,1076,2024-08-22 17:45:50.000155,/home,click,sess_106
e00688,1151,2024-12-04 09:05:05.164523,/news,hover,sess_423
e00689,1159,2024-10-30 06:07:58.181226,/news,click,sess_167
e00690,1048,2025-01-26 15:30:00.179744,/entertainment,hover,sess_922
e00691,1171,2025-02-14 09:46:14.950557,/home,click,sess_901
e00692,1189,2024-11-28 00:22:40.153451,/sports,scroll,sess_515
e00693,1193,2024-09-25 09:17:18.641703,/entertainment,scroll,sess_401
e00694,1144,2025-04-30 18:43:07.805489,/news,hover,sess_743
e00695,1005,2024-09-06 19:16:33.247591,/home,click,sess_406
e00696,1032,2024-11-13 13:06:58.298645,/entertainment,click,sess_392
e00697,1027,2024-12-19 12:40:24.215918,/news,click,sess_576
e00698,1087,2024-09-20 16:16:32.713423,/news,click,sess_261
e00699,1051,2025-01-20 22:19:28.414922,/home,scroll,sess_221
e00700,1061,2025-01-21 23:39:03.330298,/entertainment,hover,sess_781
e00701,1028,2025-06-23 14:41:15.750035,/entertainment,hover,sess_194
e00702,1042,2024-10-11 20:54:33.959375,/finance,hover,sess_294
e00703,1121,2025-06-18 05:24:50.922448,/entertainment,hover,sess_270
e00704,1027,2025-02-21 10:52:19.528590,/finance,scroll,sess_660
e00705,1081,2024-10-04 07:00:59.894464,/entertainment,click,sess_778
e00706,1077,2025-01-18 17:47:07.582810,/entertainment,hover,sess_553
e00707,1183,2025-03-03 12:32:28.541141,/finance,hover,sess_236
e00708,1071,2025-03-25 00:34:33.028080,/news,hover,sess_961
e00709,1066,2024-07-13 22:53:51.474056,/sports,scroll,sess_238
e00710,1099,2025-02-02 12:36:04.610700,/entertainment,scroll,sess_796
e00711,1196,2024-12-24 11:10:46.844830,/entertainment,click,sess_221
e00712,1148,2025-05-22 06:35:44.817736,/home,click,sess_772
e00713,1122,2024-10-08 13:41:48.282342,/home,click,sess_163
e00714,1093,2025-04-13 19:36:12.892230,/sports,scroll,sess_278
e00715,1154,2025-02-02 18:22:24.881910,/home,hover,sess_780
e00716,1127,2024-11-01 17:20:54.390563,/news,scroll,sess_964
e00717,1021,2025-02-13 13:25:37.309112,/news,click,sess_171
e00718,1098,2025-02-07 19:34:13.519636,/finance,hover,sess_890
e00719,1004,2025-02-28 14:06:29.090960,/finance,scroll,sess_466
e00720,1004,2025-03-16 08:28:21.457506,/finance,scroll,sess_753
e00721,1093,2025-02-21 19:12:52.843849,/entertainment,click,sess_605
e00722,1169,2025-04-28 05:38:58.078987,/sports,hover,sess_953
e00723,1039,2025-02-10 12:03:34.550548,/news,hover,sess_310
e00724,1073,2025-05-22 00:00:27.190853,/finance,click,sess_740
e00725,1194,2025-02-17 02:39:14.960837,/home,hover,sess_569
e00726,1117,2024-10-16 21:01:08.460612,/entertainment,click,sess_393
e00727,1061,2024-12-04 01:08:16.034646,/home,scroll,sess_816
e00728,1160,2025-01-23 17:23:32.568526,/finance,click,sess_346
e00729,1180,2025-03-20 12:40:38.853880,/sports,click,sess_326
e00730,1085,2024-07-28 23:04:30.143212,/home,hover,sess_215
e00731,1096,2024-10-11 19:51:17.612902,/news,hover,sess_502
e00732,1161,2025-03-26 01:13:31.319912,/news,scroll,sess_507
e00733,1155,2024-08-29 04:36:22.334032,/news,scroll,sess_753
e00734,1116,2024-08-13 07:28:06.847309,/home,scroll,sess_340
e00735,1066,2025-01-09 01:18:23.246623,/entertainment,scroll,sess_330
e00736,1023,2025-06-15 20:49:55.241037,/entertainment,click,sess_343
e00737,1172,2025-01-05 22:18:43.211912,/news,click,sess_375
e00738,1014,2025-05-25 16:23:42.293158,/sports,click,sess_101
e00739,1065,2025-04-25 08:42:40.210917,/entertainment,scroll,sess_428
e00740,1147,2024-09-27 21:31:32.118461,/news,scroll,sess_603
e00741,1158,2025-04-23 06:01:13.696290,/entertainment,click,sess_370
e00742,1113,2024-12-19 00:44:59.759499,/entertainment,scroll,sess_362
e00743,1146,2025-04-16 14:28:19.485687,/sports,scroll,sess_339
e00744,1171,2025-03-25 17:08:51.338909,/finance,click,sess_733
e00745,1027,2024-10-27 18:05:02.843399,/sports,hover,sess_493
e00746,1120,2024-08-07 02:32:15.053189,/sports,click,sess_966
e00747,1069,2025-06-12 17:28:44.439234,/finance,click,sess_200
e00748,1122,2024-08-16 10:49:46.962689,/entertainment,click,sess_267
e00749,1027,2025-06-14 01:05:46.953961,/sports,scroll,sess_646
e00750,1155,2025-05-06 04:46:24.739218,/news,hover,sess_601
e00751,1115,2025-03-17 13:17:50.589755,/news,scroll,sess_532
e00752,1109,2025-06-18 22:55:33.650717,/news,hover,sess_864
e00753,1084,2025-06-14 07:50:31.056334,/finance,click,sess_683
e00754,1091,2025-04-15 21:48:34.871219,/news,scroll,sess_891
e00755,1025,2024-11-06 15:17:01.669478,/entertainment,hover,sess_643
e00756,1013,2025-04-10 19:54:57.142721,/entertainment,scroll,sess_869
e00757,1071,2024-07-01 02:59:42.324494,/entertainment,click,sess_137
e00758,1188,2025-01-08 00:27:05.676957,/entertainment,hover,sess_292
e00759,1041,2024-12-09 03:31:57.613687,/entertainment,click,sess_274
e00760,1061,2025-02-26 18:50:22.620097,/entertainment,hover,sess_746
e00761,1036,2025-02-26 14:33:56.044035,/news,scroll,sess_683
e00762,1150,2025-01-25 13:06:03.488403,/finance,hover,sess_610
e00763,1027,2025-04-22 10:06:00.656646,/sports,scroll,sess_374
e00764,1054,2025-06-04 11:21:37.991828,/finance,click,sess_160
e00765,1003,2024-08-04 14:43:24.343730,/home,hover,sess_612
e00766,1158,2024-09-19 10:36:51.039109,/finance,hover,sess_101
e00767,1171,2024-07-05 04:20:51.262387,/entertainment,scroll,sess_232
e00768,1055,2025-05-14 23:58:40.572446,/sports,scroll,sess_643
e00769,1152,2025-01-17 02:08:59.550111,/sports,scroll,sess_629
e00770,1193,2025-05-26 07:54:04.084648,/news,hover,sess_668
e00771,1158,2024-09-14 21:26:21.291794,/news,click,sess_812
e00772,1078,2024-07-19 03:07:58.478593,/sports,hover,sess_948
e00773,1083,2025-04-22 22:42:20.826015,/sports,click,sess_819
e00774,1175,2025-05-24 04:27:40.627532,/sports,hover,sess_994
e00775,1018,2024-10-14 09:54:50.559413,/sports,click,sess_526
e00776,1042,2024-11-22 04:00:39.531230,/home,click,sess_764
e00777,1060,2024-08-16 02:14:21.282559,/entertainment,scroll,sess_892
e00778,1157,2025-06-06 15:41:20.380111,/sports,scroll,sess_957
e00779,1056,2024-10-15 04:58:27.836272,/entertainment,scroll,sess_341
e00780,1171,2024-12-22 23:13:00.048196,/home,scroll,sess_555
e00781,1045,2024-07-31 12:56:57.241821,/home,scroll,sess_958
e00782,1144,2025-05-16 02:29:22.762777,/news,click,sess_742
e00783,1114,2024-08-14 14:11:09.569717,/finance,hover,sess_377
e00784,1011,2024-12-08 17:31:11.274191,/sports,scroll,sess_230
e00785,1146,2025-02-25 22:18:31.599893,/sports,scroll,sess_255
e00786,1061,2025-03-24 11:10:31.625915,/news,click,sess_497
e00787,1107,2025-06-06 13:10:09.487783,/home,hover,sess_188
e00788,1132,2024-11-26 02:57:07.308045,/news,scroll,sess_687
e00789,1191,2025-03-24 03:32:22.339929,/news,hover,sess_180
e00790,1033,2024-08-21 11:29:53.437301,/home,hover,sess_997
e00791,1065,2024-11-24 13:45:56.502808,/sports,scroll,sess_387
e00792,1026,2024-08-01 04:59:14.584849,/finance,scroll,sess_966
e00793,1023,2024-12-21 18:29:10.283909,/finance,click,sess_858
e00794,1143,2024-11-22 02:26:00.262368,/entertainment,hover,sess_483
e00795,1146,2025-06-08 13:47:48.574767,/sports,click,sess_676
e00796,1071,2024-07-07 23:46:14.227185,/finance,scroll,sess_628
e00797,1119,2024-11-08 08:57:51.087873,/sports,click,sess_795
e00798,1121,2024-12-04 23:34:37.993683,/home,click,sess_306
e00799,1035,2025-06-08 05:19:33.548437,/home,hover,sess_434
e00800,1015,2025-05-04 11:39:30.911305,/entertainment,hover,sess_380
e00801,1149,2024-08-01 07:54:22.659075,/home,scroll,sess_913
e00802,1189,2025-03-03 11:29:46.118203,/home,click,sess_107
e00803,1179,2025-01-10 21:38:40.451805,/home,scroll,sess_281
e00804,1183,2025-06-18 04:31:13.551491,/entertainment,hover,sess_225
e00805,1064,2024-11-04 01:02:10.717243,/sports,click,sess_959
e00806,1182,2024-11-18 10:59:02.597219,/finance,click,sess_101
e00807,1153,2024-09-03 08:48:13.686657,/news,click,sess_170
e00808,1146,2024-08-09 15:48:37.005071,/home,hover,sess_305
e00809,1158,2025-05-01 18:38:34.447587,/entertainment,scroll,sess_557
e00810,1136,2024-12-09 02:55:50.954595,/finance,scroll,sess_496
e00811,1041,2025-02-23 02:39:33.096075,/news,scroll,sess_186
e00812,1170,2025-02-15 10:00:53.462499,/news,click,sess_803
e00813,1131,2025-01-30 03:25:32.398025,/sports,scroll,sess_802
e00814,1056,2024-07-03 20:12:06.560748,/home,click,sess_508
e00815,1118,2025-04-09 09:50:24.177204,/finance,hover,sess_341
e00816,1146,2024-09-23 00:03:14.385616,/finance,scroll,sess_391
e00817,1132,2024-08-11 00:48:21.804760,/finance,hover,sess_635
e00818,1200,2025-01-18 05:56:33.137142,/news,hover,sess_714
e00819,1010,2024-07-21 02:24:27.479598,/entertainment,hover,sess_946
e00820,1158,2025-04-01 12:10:24.309369,/finance,click,sess_340
e00821,1037,2024-09-09 16:52:45.446484,/home,click,sess_202
e00822,1041,2024-09-12 21:57:54.801341,/finance,scroll,sess_322
e00823,1106,2025-05-09 16:31:43.982974,/home,hover,sess_803
e00824,1024,2024-10-24 01:03:42.087939,/entertainment,click,sess_717
e00825,1139,2024-08-18 22:24:43.302109,/sports,click,sess_151
e00826,1132,2025-05-20 22:49:35.151238,/news,click,sess_644
e00827,1056,2024-06-27 01:50:35.749469,/sports,hover,sess_329
e00828,1072,2025-05-05 13:34:10.510962,/news,scroll,sess_902
e00829,1024,2024-08-17 21:17:15.397347,/entertainment,hover,sess_605
e00830,1105,2024-08-12 12:28:02.374038,/home,hover,sess_674
e00831,1062,2024-09-25 14:09:43.313442,/sports,scroll,sess_397
e00832,1164,2024-08-28 18:35:14.577045,/finance,click,sess_691
e00833,1125,2025-02-22 11:39:36.508226,/home,hover,sess_145
e00834,1043,2024-07-05 10:58:12.380843,/sports,scroll,sess_356
e00835,1022,2024-07-01 11:14:58.423293,/sports,hover,sess_952
e00836,1109,2025-04-10 13:48:12.493305,/news,hover,sess_645
e00837,1087,2024-09-20 22:38:19.879453,/sports,click,sess_552
e00838,1008,2024-10-22 07:05:25.549469,/news,hover,sess_931
e00839,1127,2024-08-28 16:23:16.376778,/sports,scroll,sess_695
e00840,1084,2024-07-15 04:18:16.973305,/sports,scroll,sess_233
e00841,1018,2025-03-23 22:42:35.909735,/home,scroll,sess_746
e00842,1145,2025-01-04 04:31:37.076270,/entertainment,scroll,sess_318
e00843,1108,2025-03-25 09:18:37.228615,/entertainment,click,sess_432
e00844,1019,2024-12-16 23:38:43.201927,/home,click,sess_593
e00845,1063,2025-04-06 04:53:53.313140,/sports,hover,sess_835
e00846,1194,2024-12-30 11:54:29.733453,/home,scroll,sess_130
e00847,1126,2024-08-04 20:55:43.603433,/finance,scroll,sess_457
e00848,1066,2024-12-27 01:30:59.520157,/finance,scroll,sess_775
e00849,1095,2025-06-06 08:16:26.855478,/finance,scroll,sess_567
e00850,1127,2024-07-11 21:06:54.021057,/entertainment,hover,sess_965
e00851,1145,2025-04-08 02:34:02.540226,/finance,hover,sess_417
e00852,1112,2025-05-08 16:44:02.623218,/news,scroll,sess_190
e00853,1037,2025-01-02 11:54:13.319580,/entertainment,hover,sess_258
e00854,1004,2024-12-10 08:04:41.946611,/finance,hover,sess_160
e00855,1055,2025-06-13 03:24:34.757869,/home,hover,sess_835
e00856,1075,2024-07-18 06:10:06.326396,/entertainment,click,sess_658
e00857,1112,2024-12-17 23:37:40.714151,/entertainment,scroll,sess_818
e00858,1109,2024-11-19 17:28:04.673698,/entertainment,scroll,sess_298
e00859,1032,2025-03-03 15:09:12.553497,/finance,scroll,sess_796
e00860,1140,2024-12-22 02:33:59.799252,/finance,hover,sess_571
e00861,1146,2025-05-24 07:12:23.903370,/sports,click,sess_369
e00862,1114,2024-07-22 21:11:22.115893,/news,hover,sess_880
e00863,1168,2024-07-25 13:10:38.766966,/finance,hover,sess_285
e00864,1193,2025-02-03 05:10:36.207081,/finance,scroll,sess_293
e00865,1180,2024-07-20 00:44:31.896773,/news,click,sess_337
e00866,1119,2024-10-04 11:42:42.293826,/home,scroll,sess_593
e00867,1016,2025-02-12 06:23:10.056512,/news,scroll,sess_409
e00868,1199,2025-01-12 07:44:54.223166,/home,hover,sess_449
e00869,1032,2024-10-22 19:29:06.185850,/entertainment,hover,sess_106
e00870,1175,2025-06-24 07:39:20.509976,/entertainment,hover,sess_114
e00871,1092,2025-01-05 19:43:17.051815,/entertainment,click,sess_827
e00872,1101,2024-12-08 18:08:52.651559,/home,scroll,sess_127
e00873,1027,2025-02-02 04:00:48.427807,/news,scroll,sess_938
e00874,1044,2024-08-01 06:21:43.532092,/home,click,sess_227
e00875,1007,2025-03-09 08:37:02.841292,/news,click,sess_997
e00876,1199,2025-05-03 12:21:50.273554,/news,hover,sess_671
e00877,1040,2025-02-18 18:46:00.351660,/finance,hover,sess_788
e00878,1019,2025-04-02 21:31:48.867754,/sports,click,sess_270
e00879,1107,2025-03-16 07:41:49.948226,/finance,scroll,sess_110
e00880,1063,2024-09-12 13:49:41.138007,/sports,click,sess_413
e00881,1160,2024-12-07 23:12:34.272619,/sports,scroll,sess_668
e00882,1190,2024-09-17 11:54:26.403919,/entertainment,hover,sess_667
e00883,1003,2024-10-27 19:58:50.617634,/sports,scroll,sess_946
e00884,1168,2024-12-08 16:15:00.155340,/news,click,sess_226
e00885,1097,2024-11-24 23:27:10.572034,/news,click,sess_624
e00886,1035,2024-07-30 18:29:13.727360,/home,scroll,sess_821
e00887,1181,2024-11-28 21:53:54.079879,/home,hover,sess_570
e00888,1104,2025-02-23 23:09:48.246118,/home,hover,sess_890
e00889,1098,2024-11-09 18:01:13.581085,/entertainment,scroll,sess_680
e00890,1167,2024-08-20 18:59:01.252250,/finance,click,sess_456
e00891,1120,2025-05-29 03:39:10.104620,/home,scroll,sess_618
e00892,1080,2024-07-20 13:27:43.081675,/home,click,sess_266
e00893,1087,2025-04-25 20:06:00.896822,/sports,scroll,sess_123
e00894,1141,2024-07-30 02:13:12.706716,/news,click,sess_930
e00895,1068,2024-07-31 07:26:53.305468,/home,scroll,sess_412
e00896,1061,2025-03-22 21:05:45.282165,/entertainment,hover,sess_311
e00897,1198,2025-04-18 12:45:44.028407,/entertainment,scroll,sess_995
e00898,1152,2025-01-15 05:59:59.421939,/home,hover,sess_113
e00899,1056,2025-01-26 05:47:58.789228,/home,hover,sess_610
e00900,1196,2025-01-17 03:43:09.207535,/finance,scroll,sess_499
e00901,1076,2024-10-24 10:35:06.209012,/entertainment,hover,sess_776
e00902,1112,2024-08-09 16:26:15.402874,/entertainment,scroll,sess_923
e00903,1170,2024-11-02 04:32:36.249110,/entertainment,scroll,sess_271
e00904,1110,2025-02-24 01:12:10.139835,/entertainment,scroll,sess_627
e00905,1175,2025-03-27 01:47:57.010144,/sports,click,sess_932
e00906,1068,2025-05-09 02:28:29.765534,/home,hover,sess_788
e00907,1031,2025-03-16 09:37:56.479173,/home,scroll,sess_700
e00908,1109,2025-06-14 17:44:14.761717,/finance,click,sess_181
e00909,1082,2025-01-31 08:02:17.740513,/entertainment,click,sess_319
e00910,1061,2024-11-01 11:26:00.847326,/news,scroll,sess_637
e00911,1077,2025-01-23 02:52:57.114340,/news,click,sess_953
e00912,1045,2024-09-11 17:48:17.327547,/finance,click,sess_847
e00913,1025,2025-02-20 21:46:49.135013,/sports,click,sess_236
e00914,1063,2024-09-15 22:39:51.133782,/home,hover,sess_273
e00915,1079,2024-08-04 13:36:13.908826,/sports,scroll,sess_343
e00916,1071,2025-04-30 19:19:40.792220,/news,hover,sess_453
e00917,1016,2024-11-07 06:56:22.038151,/entertainment,click,sess_523
e00918,1020,2025-03-31 13:48:19.599144,/finance,scroll,sess_425
e00919,1171,2025-01-21 17:24:37.274287,/home,scroll,sess_752
e00920,1111,2025-04-16 20:53:46.703012,/home,click,sess_343
e00921,1049,2025-04-30 17:24:53.305076,/sports,hover,sess_848
e00922,1045,2025-06-16 23:37:44.842978,/entertainment,click,sess_512
e00923,1018,2025-04-20 23:07:15.341834,/entertainment,click,sess_580
e00924,1078,2025-02-05 03:25:25.030512,/sports,click,sess_717
e00925,1119,2025-02-15 18:44:02.840399,/home,click,sess_713
e00926,1071,2024-07-05 15:07:20.228169,/sports,scroll,sess_505
e00927,1169,2025-05-31 09:07:02.692674,/home,hover,sess_508
e00928,1111,2025-04-24 23:50:30.171108,/home,scroll,sess_818
e00929,1101,2024-10-01 17:22:12.256489,/finance,click,sess_297
e00930,1015,2024-08-30 22:28:17.353026,/entertainment,hover,sess_886
e00931,1096,2025-03-09 16:40:34.662844,/entertainment,scroll,sess_453
e00932,1079,2024-10-16 21:28:23.253448,/home,click,sess_950
e00933,1103,2024-10-28 03:48:31.980211,/finance,hover,sess_238
e00934,1027,2024-06-28 06:30:33.784283,/finance,hover,sess_191
e00935,1065,2025-05-09 17:59:42.786416,/sports,scroll,sess_943
e00936,1108,2025-01-18 21:13:20.278616,/news,hover,sess_400
e00937,1092,2024-11-19 10:10:00.736526,/entertainment,click,sess_675
e00938,1025,2024-08-16 20:37:36.006143,/home,click,sess_308
e00939,1116,2025-02-12 07:13:17.045959,/news,click,sess_996
e00940,1102,2024-07-07 05:43:12.960132,/entertainment,scroll,sess_707
e00941,1108,2025-03-25 13:13:26.900109,/sports,scroll,sess_229
e00942,1119,2024-09-12 14:47:26.500137,/finance,hover,sess_212
e00943,1109,2024-11-26 09:08:18.169948,/home,hover,sess_724
e00944,1155,2024-10-28 13:11:59.500156,/sports,scroll,sess_626
e00945,1006,2024-11-08 04:47:02.745281,/home,scroll,sess_589
e00946,1016,2025-03-16 14:19:28.452720,/sports,hover,sess_287
e00947,1030,2025-04-05 18:32:31.574687,/sports,click,sess_280
e00948,1156,2025-01-19 08:22:35.021382,/home,scroll,sess_162
e00949,1044,2024-07-27 01:42:01.881901,/finance,click,sess_781
e00950,1138,2024-07-15 06:08:37.846780,/finance,scroll,sess_168
e00951,1141,2024-08-22 12:48:17.566797,/finance,hover,sess_860
e00952,1146,2025-02-06 16:48:31.397760,/home,hover,sess_396
e00953,1084,2025-02-27 04:50:07.673078,/entertainment,hover,sess_622
e00954,1108,2024-10-03 10:10:32.598637,/news,scroll,sess_115
e00955,1190,2025-02-22 19:22:59.577135,/sports,scroll,sess_945
e00956,1069,2024-12-20 10:10:53.206555,/entertainment,click,sess_719
e00957,1036,2024-12-04 11:50:26.699956,/entertainment,scroll,sess_796
e00958,1095,2024-10-03 19:30:08.991572,/sports,hover,sess_875
e00959,1051,2025-03-28 18:38:16.479753,/home,hover,sess_591
e00960,1168,2024-08-06 14:41:04.055612,/sports,click,sess_933
e00961,1163,2024-11-30 01:30:26.031938,/news,click,sess_152
e00962,1012,2024-10-07 11:51:29.079261,/entertainment,click,sess_505
e00963,1046,2025-02-28 20:26:06.621094,/finance,hover,sess_507
e00964,1174,2024-12-20 18:41:36.326869,/home,click,sess_587
e00965,1028,2025-02-24 16:54:41.033047,/sports,scroll,sess_280
e00966,1085,2024-07-12 15:06:18.721524,/finance,click,sess_290
e00967,1076,2024-11-17 09:46:17.640801,/sports,scroll,sess_800
e00968,1106,2025-01-30 22:31:34.444507,/sports,click,sess_123
e00969,1118,2024-06-28 20:22:14.340352,/sports,hover,sess_493
e00970,1176,2024-10-14 03:09:26.232504,/home,click,sess_987
e00971,1015,2024-09-11 04:36:49.916485,/home,hover,sess_408
e00972,1193,2024-08-15 03:57:17.519517,/entertainment,click,sess_504
e00973,1071,2024-09-27 08:48:36.531256,/news,scroll,sess_944
e00974,1007,2024-10-23 21:13:45.562028,/home,click,sess_378
e00975,1004,2024-06-28 20:44:45.620913,/entertainment,hover,sess_362
e00976,1118,2025-03-25 21:08:02.481345,/news,hover,sess_330
e00977,1012,2024-08-29 05:05:09.479368,/news,scroll,sess_798
e00978,1084,2024-11-11 21:47:40.989670,/entertainment,click,sess_210
e00979,1005,2025-03-10 01:12:03.289353,/news,hover,sess_808
e00980,1038,2024-12-25 18:10:01.801015,/sports,scroll,sess_569
e00981,1131,2025-04-26 09:58:13.560255,/home,scroll,sess_910
e00982,1166,2025-04-16 11:56:41.450638,/finance,hover,sess_285
e00983,1115,2024-07-22 08:47:02.418028,/home,hover,sess_786
e00984,1187,2025-05-06 19:00:25.466555,/sports,hover,sess_429
e00985,1069,2024-07-11 11:47:56.300340,/home,scroll,sess_868
e00986,1101,2024-07-02 21:16:16.722268,/entertainment,scroll,sess_352
e00987,1182,2025-05-28 11:40:34.758710,/news,scroll,sess_498
e00988,1027,2025-05-06 22:02:13.102512,/sports,hover,sess_484
e00989,1167,2025-01-22 07:57:14.834954,/finance,hover,sess_660
e00990,1127,2025-01-21 11:16:17.352199,/news,scroll,sess_171
e00991,1090,2025-03-12 04:17:06.422505,/sports,click,sess_783
e00992,1135,2024-11-25 14:23:33.019575,/finance,scroll,sess_695
e00993,1072,2024-08-07 02:34:10.715381,/sports,scroll,sess_719
e00994,1068,2024-07-03 15:48:39.927012,/sports,click,sess_527
e00995,1171,2024-10-22 15:49:38.699963,/news,scroll,sess_612
e00996,1004,2025-04-14 17:11:06.674526,/entertainment,hover,sess_428
e00997,1193,2025-02-06 19:19:30.749022,/finance,hover,sess_387
e00998,1082,2025-04-25 22:19:37.083963,/news,hover,sess_139
e00999,1125,2025-05-27 23:28:06.236488,/sports,scroll,sess_782
e01000,1123,2024-07-28 05:30:46.397829,/news,hover,sess_683
